X,subreddit,count,correlation_AskReddit,Danielle,LuckyLuciano,Dankstorm,RickRoll,correlation_MMA,corr_num_MMA,corr_denom_MMA,corr_num_cars,corr_denom_Warframe,corr_denom_cars,corr_num_Warframe,corr_num_videos,corr_denom_videos
1,AskReddit,2351431,80947.05,318,0,136,0,8115.32,0,0,-313.833141,11.04934957,0,9.095585611,-313.0065168,2573120
2,politics,785049,49646.96,137,0,0,0,9105.78,0,0,9.171881819,10.5729141,0,8.794057345,-313.3064716,1006738
3,nfl,524393,20788.24,110,0,8,0,5080.22,0,0,8.681796963,10.39767422,0,8.312472151,-313.8268151,746082
4,The_Donald,517306,33222.11,68,0,1,0,8152.6,0,0,9.063404366,10.39176485,0,8.693364077,-313.4416358,738995
5,news,370327,43763.88,47,0,0,0,13296.71,0,0,9.020444116,10.24660271,0,8.651431542,-313.4885167,592016
6,RocketLeagueExchange,338177,14845.87,92,0,0,0,4524.81,0,0,8.527644875,10.2071614,0,8.147610875,-313.9434878,559866
7,worldnews,321056,27471.73,53,0,2,0,8943.89,0,0,8.914381161,10.18459812,0,8.542455116,-313.5840192,542745
8,nba,312954,15529.1,97,0,3,0,5228.83,0,0,8.575167425,10.17349784,0,8.206079176,-313.9335974,534643
9,CFB,281663,11097.95,67,0,7,0,3964.08,0,0,8.129823836,10.12774713,0,7.759256634,8.932168712,503352
10,pics,280404,18394.3,32,0,6,0,6601.38,0,0,8.663018831,10.12580154,0,8.292958999,-313.842051,502093
11,funny,272156,21055.04,34,0,8,0,7693.41,0,0,8.645413031,10.11283524,0,8.276346317,-313.8626416,493845
12,leagueoflegends,251524,12074.71,52,0,0,0,4519.74,0,0,8.436096803,10.07859676,0,8.063102224,9.249790541,473213
13,Overwatch,247326,7462.88,33,0,9,0,2750.28,0,0,8.171047333,10.0712871,0,7.791383623,9.009877603,469015
14,videos,221689,15735.56,38,0,103,0,5857.77,0,0,8.538116739,10.02376148,0,8.147729561,-313.9005976,443378
15,SquaredCircle,219343,8654.23,59,0,2,0,3591.05,0,0,8.345711067,10.01914111,0,7.977020577,9.142967063,441032
16,hockey,216220,6974.03,52,0,36,0,2911.52,0,0,8.141830284,10.01291319,0,7.772792544,8.939324342,437909
17,gaming,214947,15915.02,51,0,15,0,6664.25,0,0,8.530990348,10.01034872,0,8.162405134,9.328294852,436636
18,todayilearned,213291,11206.89,37,0,5,0,4685,0,0,8.371363243,10.00698986,0,8.001081557,9.17308729,434980
19,pcmasterrace,203058,9732.28,14,0,9,0,4193.32,0,0,8.264753127,9.985637436,0,7.895304221,9.064044879,424747
20,soccer,185691,10283.55,44,0,18,0,4630.48,0,0,8.340836754,9.946808186,0,7.970403387,9.143751021,407380
21,Showerthoughts,162128,16836.72,28,0,3,0,8188.89,0,0,8.519363511,9.887875357,0,8.150450217,9.316525502,383817
22,movies,161804,7785.87,45,0,4,0,3770.59,0,0,8.26512869,9.887006585,0,7.894894591,9.066630651,383493
23,gifs,155318,11171.8,19,0,4,0,5438.38,0,0,8.4147667,9.869239121,0,8.041839703,9.226725649,377007
24,GlobalOffensive,152314,9062.69,10,0,10,0,4345.96,0,0,8.322792305,9.860757155,0,7.944176653,9.153999764,374003
25,NintendoSwitch,151067,5522.57,20,0,1,0,2696.39,0,0,8.156737907,9.857186936,0,7.782813963,8.971981521,372756
26,relationships,136444,17138.27,23,0,0,0,8854.22,0,0,8.547071443,9.812971774,0,8.172602701,-313.9426783,358133
27,DotA2,124870,5180.57,15,0,13,0,2817.68,0,0,8.047752897,9.774475443,0,7.675919529,8.85698015,346559
28,MMA,121406,8115.32,89,0,3,0,4834.97,0,0,8.229019836,9.762257482,0,7.85997304,9.026313584,343095
29,pokemontrades,120050,4425.13,12,0,0,0,2240.21,0,0,7.951699741,9.757379496,0,7.559564522,8.823456662,341739
30,FIFA,117439,4977.42,13,0,0,0,2759.35,0,0,8.042101337,9.747829676,0,7.669512427,8.852337326,339128
31,anime,114043,3965.17,29,0,2,0,2225.82,0,0,7.922096022,9.735085965,0,7.548615831,8.736862406,335732
32,AdviceAnimals,106905,5854.54,33,0,0,0,3455.08,0,0,8.11003821,9.707015349,0,7.740646704,8.908307034,328594
33,conspiracy,102666,7158.78,24,0,0,0,4271.11,0,0,8.199328509,9.689443973,0,7.828668086,9.002519983,324355
34,IAmA,102082,10281,21,0,1,0,6056.22,0,0,8.209654256,9.686966501,0,7.836100536,9.023194191,323771
35,wow,99186,3580.54,16,0,0,0,2170.33,0,0,7.902487751,9.674467708,0,7.532573976,8.704085029,320875
36,WTF,96958,5607.5,10,0,2,0,3451,0,0,8.016416257,9.66460098,0,7.647267065,8.813716286,318647
37,aww,93824,7164.47,7,0,1,0,4399.29,0,0,8.171179167,9.650331276,0,7.799165197,8.979904583,315513
38,2007scape,93039,5471.12,29,0,1,0,3388.06,0,0,8.034875734,9.646682365,0,7.663533864,8.840838976,314728
39,Cricket,92881,3623.93,14,0,2,0,2263.2,0,0,7.812643115,9.645944214,0,7.443196265,8.611755613,314570
40,teenagers,89957,9060,9,0,4,0,5737.13,0,0,8.269424773,9.632052295,0,7.900252389,9.067374022,311646
41,hearthstone,89464,3905.59,13,0,5,0,2424.49,0,0,7.86012385,9.629665643,0,7.486104005,8.676535436,311153
42,mildlyinteresting,87904,5392.48,10,0,3,0,3405.11,0,0,8.042938805,9.622025969,0,7.67118338,8.850129107,309593
43,personalfinance,86802,9944.3,9,0,0,0,6090.3,0,0,8.3354815,9.616547063,0,7.956405974,9.166495688,308491
44,buildapc,83054,2373.27,9,0,1,0,1546.75,0,0,7.665836334,9.597377885,0,7.295573543,8.463658925,304743
45,gonewild,81387,10120.07,17,0,0,0,6664.2,0,0,8.304231934,9.588572372,0,7.935318165,9.101472896,303076
46,Games,81255,9142.9,19,0,0,0,5983.04,0,0,8.286668831,9.587867426,0,7.916410627,9.089454449,302944
47,Pokemongiveaway,80722,2563.79,3,0,0,0,1547.81,0,0,7.635757537,9.585009245,0,7.247611449,8.495975275,302411
48,GlobalOffensiveTrade,80231,7174.86,6,0,0,0,3610.13,0,0,8.21511407,9.582359537,0,7.798467381,9.15052166,301920
49,DestinyTheGame,77713,1841.77,13,0,1,0,1229.76,0,0,7.540565619,9.568511006,0,7.171830584,8.339630846,299402
50,technology,77250,5811.7,12,0,0,0,3681.82,0,0,8.063252052,9.565915819,0,7.681615555,8.902081302,298939
51,magicTCG,75979,2256.28,10,0,1,0,1515.76,0,0,7.56562776,9.558710905,0,7.196318558,8.367742223,297668
52,europe,74653,5974.25,14,0,7,0,4058.08,0,0,8.135494692,9.551064596,0,7.7667299,8.932809284,296342
53,xboxone,73418,4296.86,10,0,0,0,2904.67,0,0,7.896971356,9.543819881,0,7.525491071,8.703033229,295107
54,FFBraveExvius,71815,1480.04,4,0,0,0,1010.85,0,0,7.422487081,9.534232496,0,7.052131495,8.225778746,293504
55,trees,71511,3508.01,7,0,0,0,2385.03,0,0,7.847457389,9.532390182,0,7.474899318,8.656712295,293200
56,StarWars,71071,3403.86,14,0,3,0,2351.72,0,0,7.758459764,9.529709757,0,7.389414536,8.555823405,292760
57,explainlikeimfive,70220,11198.06,7,0,0,0,7541.88,0,0,8.350918731,9.524478156,0,7.974808316,9.173146288,291909
58,television,69285,5465.32,13,0,3,0,3771.04,0,0,8.079871627,9.518656553,0,7.708786072,8.884572091,290974
59,BlackPeopleTwitter,67365,4624.08,17,0,3,0,3236.74,0,0,7.994904175,9.506451645,0,7.624559141,8.79492525,289054
60,AskMen,65829,4506.61,10,0,4,0,3118.89,0,0,7.959995357,9.496434589,0,7.586040853,8.773940116,287518
61,Smite,65303,1585.9,14,0,3,0,1089.98,0,0,7.524163151,9.492950464,0,7.150672243,8.344289257,286992
62,canada,65048,5093.89,10,0,0,0,3624.02,0,0,8.111274635,9.491251279,0,7.742128073,8.908413665,286737
63,Fitness,64454,3300.94,3,0,0,0,2215.5,0,0,7.828829651,9.487267206,0,7.447336955,8.667785221,286143
64,hiphopheads,64226,3976.43,47,0,1,0,2841.25,0,0,7.896621057,9.485728206,0,7.527262722,8.693531502,285915
65,TwoXChromosomes,62854,9485.8,15,0,0,0,6807.84,0,0,8.41524,9.476350252,0,8.045796231,9.214376291,284543
66,pathofexile,62415,2465.38,13,0,1,0,1757.71,0,0,7.720849762,9.473306306,0,7.351239269,8.521716619,284104
67,Futurology,62056,7367.64,9,0,0,0,5312.18,0,0,8.134119029,9.47080111,0,7.764844558,8.932485508,283745
68,CringeAnarchy,61593,3560.51,10,0,0,0,2535.71,0,0,7.817687926,9.467548689,0,7.446064592,8.624195964,283282
69,pokemongo,61114,2333.77,7,0,0,0,1685.45,0,0,7.637054126,9.464158041,0,7.265762565,8.44250606,282803
70,india,60175,6112.8,6,0,3,0,4456.31,0,0,8.054349219,9.45743343,0,7.685406244,8.851663764,281864
71,EnoughTrumpSpam,59347,4816.49,14,0,0,0,3374.4,0,0,8.060127029,9.451416101,0,7.679751589,8.896556431,281036
72,OkCupid,59291,11176.5,10,0,1,0,8169.23,0,0,8.30674745,9.451006106,0,7.937390755,9.105578375,280980
73,Rainbow6,58702,1891.03,13,0,0,0,1317.12,0,0,7.66333555,9.446670229,0,7.284445443,8.496263761,280391
74,ukpolitics,58251,4211.29,4,0,0,0,3100.81,0,0,7.939037413,9.443320717,0,7.569796199,8.736036375,279940
75,PS4,57334,2817.31,5,0,0,0,1990.55,0,0,7.754104145,9.436429573,0,7.374039244,8.589379557,279023
76,CollegeBasketball,56999,1938.87,15,0,4,0,1436.83,0,0,7.650240197,9.433884568,0,7.280923575,8.447099422,278688
77,battlefield_one,56919,2542.5,8,0,0,0,1885,0,0,7.637910921,9.433274593,0,7.269074342,8.434946728,278608
78,ClashRoyale,56730,2519.17,7,0,1,0,1851.35,0,0,7.667720545,9.431830115,0,7.296403284,8.473935243,278419
79,AskWomen,56600,3786.63,17,0,1,0,2810.04,0,0,7.897587684,9.430833762,0,7.528586704,8.694898343,278289
80,unitedkingdom,56569,3831.29,6,0,0,0,2847.52,0,0,7.926178789,9.430595833,0,7.556780673,8.723289826,278258
81,streetwear,55987,3194.06,9,0,0,0,2300.92,0,0,7.771551413,9.426104528,0,7.392794263,8.601088011,277676
82,Jokes,55876,5372.07,10,0,1,0,3997.39,0,0,7.974536911,9.42524264,0,7.605778072,8.772608413,277565
83,cars,55190,2843.31,10,0,1,0,2052.02,0,0,7.775522961,9.419877725,0,7.330966457,8.538116739,276879
84,pokemon,54246,1896.2,5,0,3,0,1422.12,0,0,7.519590602,9.412385051,0,7.150832458,8.318482235,275935
85,Android,52895,2686.49,5,0,1,0,1985.85,0,0,7.719336177,9.401431953,0,7.344888383,8.534491145,274584
86,NHLHUT,52233,1781.39,11,0,1,0,1313.85,0,0,7.528864016,9.395962302,0,7.154190877,8.346586191,273922
87,heroesofthestorm,52106,1500.15,8,0,1,0,1094.32,0,0,7.484869104,9.394905066,0,7.108580887,8.311151717,273795
88,bindingofisaac,52060,1731.32,12,0,0,0,1316.66,0,0,7.347614741,9.394521495,0,6.983901749,8.14493284,273749
89,jailbreak,51632,2702.88,2,0,3,0,1891.2,0,0,7.860641667,9.390936279,0,7.469155223,8.730635349,273321
90,legaladvice,50913,4626.56,2,0,0,0,3471.11,0,0,7.918399288,9.384846019,0,7.544280028,8.730588301,272602
91,Random_Acts_Of_Amazon,50277,440.34,4,0,0,0,331.33,0,0,6.877852777,9.379386687,0,6.504388346,7.690824307,271966
92,baseball,50219,1909.94,11,0,0,0,1457.09,0,0,7.651316236,9.378885392,0,7.280960918,8.452631393,271908
93,RoastMe,50178,3584.36,9,0,0,0,2745.98,0,0,7.879790654,9.378530678,0,7.510000863,8.680197654,271867
94,LifeProTips,50170,4368.7,6,0,0,0,3117.62,0,0,7.994557682,9.378461432,0,7.610537468,8.841650259,271859
95,thedivision,50103,1478.24,19,0,0,0,1135.74,0,0,7.524561084,9.377881062,0,7.157309772,8.32232684,271792
96,atheism,49760,2926.06,13,0,0,0,2243.15,0,0,7.766539347,9.374897703,0,7.396889745,8.56701001,271449
97,Eve,49326,1252.69,10,0,1,0,959.01,0,0,7.353412203,9.37109323,0,6.983123694,8.158132572,271015
98,ffxiv,48603,1578.32,10,0,0,0,1214.39,0,0,7.571378526,9.364680408,0,7.203825458,8.373655048,270292
99,Music,48436,3934.49,6,0,3,0,2369.53,0,0,7.90713214,9.363185602,0,7.488119112,8.848568434,270125
100,Warframe,47645,1119.94,7,0,13,0,849.93,0,0,7.330966457,9.356034663,0,7.303110443,8.147729561,269334
